Accession,Gene,PID,TimePoint,Position,InsertedAAs,InsertedNAs
KT339958,gag,39143,Pre,372,N,AAT
KT339959,gag,39143,Post,372,N,AAT
KT339966,gag,56120,Pre,372,SA,TCAGCA
KT339966,gag,56120,Pre,427,SN,AGTAAT
KT339967,gag,56120,Post,372,SA,TCAGCA
KT339967,gag,56120,Post,427,SN,AGTAAT
KY579814,gag,42036,Pre,372,H,CAC
KY579815,gag,42036,Post,372,H,CAC
KY579815,gag,42036,Post,473,AEWGM,GCAGAATGGGGGATG
KY579815,gag,42036,Post,476,D,GAC
KY579815,gag,42036,Post,485,P,CCT
KY579816,gag,42183,Pre,117,AA,GCAGCA
KY579816,gag,42183,Pre,454,PTA,CCAACAGCC
KY579817,gag,42183,Post,117,AA,GCAGCM
KY579817,gag,42183,Post,127,I,ATA
KY579817,gag,42183,Post,454,PTA,CCAACAGCC
KY579817,gag,42183,Post,469,ASPP,GCCTCTCCCCCA
KY579819,gag,55928,Post,114,A,GCA
KY579819,gag,55928,Post,447,PTVPSGESLRFRPE,CCAACAGTCCCATCAGGAGAGAGCCTCAGGTTCAGACCAGAG
KY579819,gag,55928,Post,469,GGKQ,GGAGGGAAGCAG
KY579819,gag,55928,Post,476,GGKQ,GGAGGGAAGCAG
KY579820,gag,21890,Pre,117,AA,GCAGCA
KY579821,gag,21890,Post,117,AA,GCAGCA
KY579824,gag,108149,Pre,117,AAA,GCAGCAGCG
KY579825,gag,108149,Post,117,AAA,GCAGCAGCG
KY579828,gag,214046,Pre,127,ST,AGCACA
KY579829,gag,214046,Post,127,ST,AGCACA
KY579832,gag,252392,Pre,117,AA,GCAGCA
KY579833,gag,252392,Post,117,AA,GCAGCA
KY579838,gag,9918,Pre,469,T,ACA
KY579839,gag,9918,Post,469,T,ACA
KY579842,gag,35596,Pre,372,G,GGA
KY579842,gag,35596,Pre,476,Q,CAG
KY579843,gag,35596,Post,372,G,GGA
KY579843,gag,35596,Post,454,SRPE,AGCAGACCAGAG
KY579843,gag,35596,Post,476,Q,CAG
KY579844,gag,37879,Pre,127,TGNSSQ,ACAGGAAACAGCAGCCAA
KY579844,gag,37879,Pre,459,EPSAPP,GAGCCATCAGCCCCACCA
KY579845,gag,37879,Post,127,TGNSSQ,ACAGGAAACAGCAGCCAA
KY579845,gag,37879,Post,459,EPSAPP,GAGCCATCAGCCCCACCA
KY579846,gag,118827,Pre,127,Q,CAG
KY579847,gag,118827,Post,127,Q,CAG
KY579848,gag,118860,Pre,117,AQQ,GCACAGCAA
KY579848,gag,118860,Pre,443,G,GGG
KY579849,gag,118860,Post,117,AQQ,GCACAGCAA
KY579849,gag,118860,Post,443,G,GGG
KY579850,gag,118935,Pre,127,Q,CAG
KY579850,gag,118935,Pre,459,APP,GCCCCACCA
KY579851,gag,118935,Post,127,Q,CAG
KY579851,gag,118935,Post,459,APP,GCCCCACCA
KY579852,gag,118973,Pre,117,QQ,CAGCAA
KY579852,gag,118973,Pre,459,APP,GCCCCACCA
KY579852,gag,118973,Pre,480,RD,AGGGAC
KY579853,gag,118973,Post,117,QQ,CAGCAA
KY579853,gag,118973,Post,459,APP,GCCCCACCA
KY579853,gag,118973,Post,480,RD,AGGGAC
KY579854,gag,118828,Pre,117,XQQ,GMACAGCAA
KY579854,gag,118828,Pre,443,G,GGG
KY579855,gag,118828,Post,117,EQQ,GAACAGCAA
KY579855,gag,118828,Post,443,G,GGG
KY579855,gag,118828,Post,459,EPTAPP,GAGCCAACAGCCCCACCA
KY579856,gag,118986,Pre,117,AA,GCAGCA
KY579856,gag,118986,Pre,127,V,GTC
KY579856,gag,118986,Pre,454,PAAPLE,CCAGCAGCCCCACTAGAG
KY579857,gag,118986,Post,117,AAAA,GCAGCAGCTGCC
KY579857,gag,118986,Post,127,V,GTC
KY579857,gag,118986,Post,454,PAAPLE,CCAGCAGCCCCACTAGAG
KY579858,gag,118954,Pre,117,AT,GCAACA
KY579858,gag,118954,Pre,127,Q,CAG
KY579858,gag,118954,Pre,372,A,GCA
KY579859,gag,118954,Post,117,AT,GCAACA
KY579859,gag,118954,Post,127,Q,CAG
KY579859,gag,118954,Post,372,A,GCA
KY579860,gag,118745,Pre,454,PRPE,CCCAGACCAGAG
KY579860,gag,118745,Pre,485,P,CCT
KY579861,gag,118745,Post,454,PRPE,CCCAGACCAGAG
KY579861,gag,118745,Post,485,P,CCT
KY579862,gag,118972,Pre,117,AA,GCAGCA
KY579863,gag,118972,Post,117,AA,GCAGCA
KY579864,gag,118823,Pre,372,S,TCA
KY579865,gag,118823,Post,372,S,TCA
KY579866,gag,118853,Pre,372,A,GCT
KY579867,gag,118853,Post,372,A,GCT
KY579874,gag,118903,Pre,117,A,GCA
KY579875,gag,118903,Post,117,A,GCA
KY579876,gag,118925,Pre,127,VKQ,GTCAAGCAG
KY579876,gag,118925,Pre,459,APP,GCCCCACCA
KY579877,gag,118925,Post,127,VKQ,GTCAAGCAG
KY579877,gag,118925,Post,459,APP,GCCCCACCA
KY579878,gag,118761,Pre,127,GNSSK,GGAAACAGCAGCAAG
KY579879,gag,118761,Post,127,GNSSK,GGAAACAGCAGCAAG
KY579880,gag,118846,Pre,127,Q,CAG
KY579881,gag,118846,Post,127,Q,CAG
KY579884,gag,118849,Pre,454,PTA,CCAACAGCC
KY579885,gag,118849,Post,454,PTA,CCAACAGCC
KT339982|26307_PIs_Pre,gp41,214,E,GAA
KT339983|26307_PIs_Post,gp41,214,E,GAA
KT339988|42080_PIs_Pre,gp41,104,K,AAG
KT339989|42080_PIs_Post,gp41,104,N,AAT
KY579928|118935_PIs_Pre,gp41,84,T,ACT
KY579928|118935_PIs_Pre,gp41,104,K,AAA
KY579929|118935_PIs_Post,gp41,84,T,ACT
KY579929|118935_PIs_Post,gp41,104,K,AAA
KY579940|118840_PIs_Pre,gp41,78,K,AAA
KY579941|118840_PIs_Post,gp41,78,K,AAA
KY579942|39270_PIs_Pre,gp41,104,X,ARA
KY579943|39270_PIs_Post,gp41,104,K,AAA
KY579886|42036_NNRTIs_Pre,gp41,274,HSSLKGL,CACAGCAGTCTCAAGGGACTG
KY579887|42036_NNRTIs_Post,gp41,274,HSSLKGL,CACAGCAGTCTCAAGGGACTG
KY579898|252392_NNRTIs_Pre,gp41,104,K,AAG
KY579899|252392_NNRTIs_Post,gp41,104,K,AAA
KY579912|37879_NNRTIs_Pre,gp41,91,R,AGG
KY579913|37879_NNRTIs_Post,gp41,91,R,AGG
KY579918|61631_NNRTIs_Pre,gp41,197,P,CCC
KY579919|61631_NNRTIs_Post,gp41,197,P,CCC
